id,name,panchayatId,authorityId
BO_001,Arjun Singh,PAN_001,AUTH_001
BO_002,Bhavesh Patel,PAN_002,AUTH_002
BO_003,Chandan Kumar,PAN_003,AUTH_003
BO_004,Deepak Sharma,PAN_004,AUTH_004
BO_005,Ekta Verma,PAN_005,AUTH_005
BO_006,Farhan Ali,PAN_006,AUTH_006
BO_007,Gauri Desai,PAN_007,AUTH_007
BO_008,Hemant Joshi,PAN_008,AUTH_008
BO_009,Isha Kapoor,PAN_009,AUTH_009
BO_010,Jatin Mehta,PAN_010,AUTH_010
BO_011,Kiran Rao,PAN_011,AUTH_011
BO_012,Lalit Bansal,PAN_012,AUTH_012
BO_013,Meera Nair,PAN_013,AUTH_013
BO_014,Nikhil Gupta,PAN_014,AUTH_014
BO_015,Omkar Reddy,PAN_015,AUTH_015
BO_016,Pooja Iyer,PAN_016,AUTH_016
BO_017,Quadir Khan,PAN_017,AUTH_017
BO_018,Ritika Jain,PAN_018,AUTH_018
BO_019,Sachin Yadav,PAN_019,AUTH_019
BO_020,Tanvi Kulkarni,PAN_020,AUTH_020
BO_021,Uday Thakur,PAN_021,AUTH_021
BO_022,Varun Saxena,PAN_022,AUTH_022
BO_023,Wasim Akhtar,PAN_023,AUTH_023
BO_024,Xena D'Souza,PAN_024,AUTH_024
BO_025,Yashwant Singh,PAN_025,AUTH_025
BO_026,Zara Sheikh,PAN_026,AUTH_026
BO_027,Anita Mishra,PAN_027,AUTH_027
BO_028,Baldev Chawla,PAN_028,AUTH_028
BO_029,Chitra Sen,PAN_029,AUTH_029
BO_030,Devendra Pandey,PAN_030,AUTH_030
BO_031,Elina Fernandes,PAN_031,AUTH_031
BO_032,Feroz Alam,PAN_032,AUTH_032
BO_033,Gopal Krishna,PAN_033,AUTH_033
BO_034,Hina Siddiqui,PAN_034,AUTH_034
BO_035,Irfan Pathan,PAN_035,AUTH_035
BO_036,Jyoti Kaur,PAN_036,AUTH_036
BO_037,Kailash Sahu,PAN_037,AUTH_037
BO_038,Lovely Singh,PAN_038,AUTH_038
BO_039,Manoj Dubey,PAN_039,AUTH_039
BO_040,Naina Roy,PAN_040,AUTH_040
BO_041,Om Prakash,PAN_041,AUTH_041
BO_042,Pragya Tiwari,PAN_042,AUTH_042
BO_043,Radha Menon,PAN_043,AUTH_043
BO_044,Sandeep Patil,PAN_044,AUTH_044
BO_045,Tara Bhatt,PAN_045,AUTH_045
BO_046,Umesh Jha,PAN_046,AUTH_046
BO_047,Vandana Rathi,PAN_047,AUTH_047
BO_048,Wilson George,PAN_048,AUTH_048
BO_049,Yamini Joshi,PAN_049,AUTH_049
BO_050,Zubin Mehta,PAN_050,AUTH_050
